mean,std
395.78256,104.850876
75.538956,44.440746
-11.697048,36.156414
11.596762,25.084415
-13.046351,20.977661
-11.794318,18.945042
-12.954029,15.8555355
-8.379656,13.404122
-5.983381,12.111893
-2.5714467,11.427527
-6.036074,9.770928
-3.7519128,9.661208
-5.769008,9.157751
0.13835962,0.11284838
0.06922217,0.06704032
